Accuracy,Precision,Recall,F1,ROC_AUC
0.6138473960436012,0.3908120649651972,0.5838879645036051,0.46822705287151833,0.6413905664496978
