Accuracy,ROC_AUC,Precision_1,Recall_1
0.6138473960436012,0.6413905664496978,0.3908120649651972,0.5838879645036051
